,ID,Noun Matches,Stance
0,712,0,unrelated
1,158,0,unrelated
2,137,0,unrelated
3,1034,0,unrelated
4,1923,1,unrelated
5,154,14,agree
6,962,2,unrelated
7,2033,0,unrelated
8,1739,0,unrelated
9,882,8,unrelated
10,2327,0,unrelated
11,1468,4,disagree
12,1003,0,unrelated
13,2132,15,agree
14,47,0,unrelated
15,615,0,unrelated
16,2463,1,unrelated
17,295,1,unrelated
18,570,0,unrelated
19,608,0,unrelated
20,1500,17,disagree
21,1681,3,unrelated
22,1545,0,unrelated
23,1196,0,unrelated
24,1014,4,agree
25,633,2,unrelated
26,56,0,unrelated
27,1658,9,discuss
28,1157,0,unrelated
29,132,0,unrelated
30,1896,8,discuss
31,2344,6,unrelated
32,625,9,discuss
33,2176,0,unrelated
34,394,5,discuss
35,2161,0,discuss
36,1040,1,unrelated
37,1251,0,unrelated
38,1337,23,unrelated
39,280,18,discuss
40,534,8,discuss
41,213,0,unrelated
42,1299,0,unrelated
43,1481,0,unrelated
44,289,7,disagree
45,1592,5,agree
46,2248,7,agree
47,1255,0,unrelated
48,1120,2,unrelated
49,2045,0,unrelated
50,2296,0,unrelated
51,459,3,unrelated
52,1905,1,unrelated
53,2295,3,unrelated
54,759,14,agree
55,2406,3,discuss
56,181,0,unrelated
57,2036,0,unrelated
58,941,0,unrelated
59,965,21,agree
60,816,0,unrelated
61,2106,11,discuss
62,367,0,unrelated
63,373,0,unrelated
64,1934,2,unrelated
65,703,0,unrelated
66,167,0,unrelated
67,1175,3,unrelated
68,724,11,agree
69,2441,6,agree
70,1338,0,unrelated
71,527,0,unrelated
72,32,0,unrelated
73,26,0,unrelated
74,487,0,unrelated
75,1089,22,agree
76,1898,3,unrelated
77,205,1,unrelated
78,1435,1,unrelated
79,190,0,unrelated
80,1808,0,unrelated
81,2246,9,discuss
82,1315,21,agree
83,1362,424,discuss
84,472,0,unrelated
85,1125,0,unrelated
86,1590,0,discuss
87,2240,0,unrelated
88,702,0,unrelated
89,1165,2,unrelated
90,1720,0,unrelated
91,1358,0,unrelated
92,1832,0,unrelated
93,346,0,unrelated
94,1374,0,unrelated
95,2404,0,unrelated
96,1744,2,unrelated
97,1406,4,unrelated
98,1818,4,agree
99,1958,0,unrelated
100,775,0,unrelated
101,2115,0,unrelated
102,1849,0,unrelated
103,1966,1,discuss
104,2174,9,disagree
105,992,0,unrelated
106,2526,7,discuss
107,731,4,unrelated
108,2097,0,unrelated
109,1212,0,unrelated
110,777,0,unrelated
111,2084,0,unrelated
112,922,0,unrelated
113,1758,0,unrelated
114,900,2,unrelated
115,40,0,unrelated
116,36,2,unrelated
117,949,3,discuss
118,488,6,agree
119,2495,9,discuss
120,821,1,unrelated
121,1628,0,unrelated
122,2237,16,discuss
123,1385,2,unrelated
124,2448,17,discuss
125,345,0,unrelated
126,2087,0,unrelated
127,1661,0,unrelated
128,1899,7,unrelated
129,1048,0,unrelated
130,35,0,unrelated
131,573,4,unrelated
132,618,0,unrelated
133,321,5,unrelated
134,887,0,unrelated
135,2336,1,unrelated
136,1509,4,discuss
137,119,0,unrelated
138,2168,8,discuss
139,1547,0,unrelated
140,176,15,disagree
141,855,13,unrelated
142,689,0,unrelated
143,2342,0,unrelated
144,2477,2,discuss
145,2149,21,discuss
146,2064,3,agree
147,1363,1,agree
148,115,0,unrelated
149,313,1,unrelated
150,2046,0,unrelated
151,139,0,unrelated
152,986,1,unrelated
153,1568,0,unrelated
154,975,1,agree
155,2210,0,unrelated
156,2081,0,unrelated
157,1438,0,unrelated
158,2531,16,discuss
159,808,0,unrelated
160,125,0,unrelated
161,1401,26,discuss
162,687,4,unrelated
163,1627,0,unrelated
164,2290,0,unrelated
165,2307,0,unrelated
166,320,0,unrelated
167,1948,9,unrelated
168,271,0,unrelated
169,1169,0,unrelated
170,254,5,unrelated
171,1574,0,unrelated
172,2133,1,unrelated
173,1242,0,unrelated
174,2530,4,discuss
175,1982,0,unrelated
176,1107,0,unrelated
177,296,21,unrelated
178,1786,4,unrelated
179,1020,10,agree
180,381,0,unrelated
181,2047,4,discuss
182,2302,5,discuss
183,844,0,unrelated
184,1471,0,unrelated
185,1949,1,unrelated
186,214,6,unrelated
187,2061,0,unrelated
188,1985,2,discuss
189,1476,4,discuss
190,1718,0,unrelated
191,2293,5,discuss
192,1104,10,agree
193,1987,0,unrelated
194,1419,0,unrelated
195,1603,1,unrelated
196,2206,1,discuss
197,1301,0,unrelated
198,467,0,unrelated
199,2269,5,agree
200,1058,0,unrelated
201,1081,2,unrelated
202,1355,1,discuss
203,678,1,unrelated
204,971,0,unrelated
205,639,2,unrelated
206,1795,1,unrelated
207,874,0,unrelated
208,2492,5,agree
209,2398,0,unrelated
210,403,0,unrelated
211,2130,0,unrelated
212,720,0,unrelated
213,1602,4,discuss
214,908,0,unrelated
215,666,0,unrelated
216,734,0,unrelated
217,1093,7,discuss
218,1541,0,unrelated
219,2306,0,unrelated
220,1372,0,unrelated
221,2489,0,unrelated
222,2509,0,unrelated
223,1805,4,agree
224,972,0,unrelated
225,2127,0,unrelated
226,1778,0,unrelated
227,1586,28,discuss
228,1580,2,agree
229,2455,13,discuss
230,2453,2,unrelated
231,511,0,unrelated
232,1726,0,unrelated
233,2177,0,unrelated
234,1115,13,discuss
235,773,0,unrelated
236,2252,0,unrelated
237,524,0,unrelated
238,1864,4,discuss
239,1988,10,discuss
240,2022,0,unrelated
241,1528,0,unrelated
242,694,5,discuss
243,1648,19,discuss
244,2156,0,unrelated
245,1403,0,unrelated
246,707,0,unrelated
247,2337,8,discuss
248,2025,9,discuss
249,1854,0,unrelated
250,2054,10,discuss
251,186,0,unrelated
252,670,1,discuss
253,2288,11,discuss
254,2175,1,unrelated
255,2403,0,unrelated
256,1693,0,unrelated
257,185,0,unrelated
258,1321,16,agree
259,645,53,discuss
260,465,0,unrelated
261,1943,0,unrelated
262,1155,0,unrelated
263,698,0,unrelated
264,513,1,unrelated
265,1883,9,agree
266,1734,4,agree
267,1780,6,discuss
268,1400,0,unrelated
269,1349,0,unrelated
270,859,0,unrelated
271,1004,9,unrelated
272,1605,0,unrelated
273,1011,8,unrelated
274,568,0,unrelated
275,1148,0,unrelated
276,81,0,unrelated
277,43,0,unrelated
278,2352,0,unrelated
279,1489,15,discuss
280,776,0,unrelated
281,831,2,unrelated
282,1951,2,agree
283,1458,1,unrelated
284,1347,0,unrelated
285,1821,11,agree
286,826,0,unrelated
287,344,1,unrelated
288,2475,3,disagree
289,171,0,unrelated
290,984,0,unrelated
291,1950,0,unrelated
292,715,8,discuss
293,2287,1,discuss
294,964,0,unrelated
295,690,0,unrelated
296,1253,2,unrelated
297,1569,0,unrelated
298,2367,1,unrelated
299,298,0,unrelated
300,1737,3,discuss
301,2003,8,discuss
302,969,6,discuss
303,311,17,discuss
304,1803,0,unrelated
305,2260,6,agree
306,1844,4,discuss
307,1968,0,unrelated
308,2356,16,discuss
309,2223,15,unrelated
310,1009,0,unrelated
311,1439,0,unrelated
312,2096,3,discuss
313,1933,3,unrelated
314,2188,0,unrelated
315,2139,6,agree
316,1699,0,unrelated
317,1846,11,disagree
318,1888,0,unrelated
319,1013,12,discuss
320,2235,0,unrelated
321,2423,30,discuss
322,2388,9,discuss
323,2078,0,unrelated
324,401,0,unrelated
325,2407,0,unrelated
326,2304,4,discuss
327,757,30,agree
328,1084,6,discuss
329,1702,18,discuss
330,108,22,agree
331,2154,5,discuss
332,121,0,unrelated
333,1261,0,unrelated
334,913,0,unrelated
335,2056,0,unrelated
336,366,1,unrelated
337,1631,0,unrelated
338,2000,2,discuss
339,1015,0,unrelated
340,2313,0,unrelated
341,646,0,unrelated
342,1776,0,unrelated
343,847,0,unrelated
344,1697,0,unrelated
345,2268,0,unrelated
346,265,10,discuss
347,730,0,unrelated
348,1314,2,discuss
349,1234,0,unrelated
350,2377,2,unrelated
351,2374,1,agree
352,2141,3,unrelated
353,2138,18,agree
354,2421,0,unrelated
355,2412,0,unrelated
356,419,0,unrelated
357,2341,10,agree
358,1540,1,unrelated
359,723,0,unrelated
360,993,14,agree
361,1572,2,unrelated
362,1597,2,agree
363,2192,0,unrelated
364,2520,0,unrelated
365,8,0,unrelated
366,173,11,agree
367,1221,0,unrelated
368,2220,2,discuss
369,2273,20,discuss
370,788,0,unrelated
371,2147,3,discuss
372,1825,10,discuss
373,2254,0,discuss
374,2299,0,unrelated
375,61,0,unrelated
376,2116,0,unrelated
377,1223,0,unrelated
378,693,0,unrelated
379,1423,6,discuss
380,1029,10,unrelated
381,416,21,discuss
382,879,0,unrelated
383,539,1,unrelated
384,1477,0,unrelated
385,1266,0,unrelated
386,1213,0,unrelated
387,2338,0,unrelated
388,2410,0,unrelated
389,490,0,unrelated
390,1256,2,unrelated
391,530,0,unrelated
392,2305,4,disagree
393,1002,0,unrelated
394,1860,5,agree
395,1217,0,unrelated
396,2225,4,disagree
397,1575,0,unrelated
398,520,9,discuss
399,1408,0,unrelated
400,1461,0,unrelated
401,7,0,unrelated
402,699,0,unrelated
403,1339,0,unrelated
404,1534,4,unrelated
405,1814,0,unrelated
406,1790,0,unrelated
407,514,6,disagree
408,1959,6,agree
409,458,11,discuss
410,1380,5,agree
411,1360,0,unrelated
412,1237,7,discuss
413,1368,0,unrelated
414,54,0,unrelated
415,1296,0,unrelated
416,2415,0,unrelated
417,1278,0,unrelated
418,1008,10,agree
419,1283,0,unrelated
420,1787,3,unrelated
421,1912,14,discuss
422,621,0,unrelated
423,1871,0,unrelated
424,1103,0,unrelated
425,365,0,unrelated
426,2497,27,discuss
427,1875,0,unrelated
428,1131,0,unrelated
429,614,18,discuss
430,867,4,discuss
431,961,0,unrelated
432,1682,20,discuss
433,1946,27,discuss
434,2213,0,unrelated
435,2076,9,agree
436,1906,0,unrelated
437,2016,1,unrelated
438,837,24,discuss
439,2424,2,agree
440,304,1,unrelated
441,983,2,discuss
442,220,1,unrelated
443,2163,0,unrelated
444,761,1,unrelated
445,932,0,unrelated
446,1877,2,unrelated
447,550,0,unrelated
448,1202,12,discuss
449,1395,0,unrelated
450,2450,12,agree
451,1502,1,unrelated
452,664,0,unrelated
453,936,4,discuss
454,2524,11,agree
455,1289,1,unrelated
456,1789,0,unrelated
457,676,4,unrelated
458,1045,11,discuss
459,1494,0,unrelated
460,2326,10,agree
461,521,0,unrelated
462,1857,0,unrelated
463,2249,21,discuss
464,609,0,unrelated
465,1594,11,disagree
466,695,0,unrelated
467,803,0,unrelated
468,144,0,unrelated
469,2257,7,agree
470,856,8,discuss
471,959,0,unrelated
472,574,0,unrelated
473,343,6,agree
474,1303,8,disagree
475,2215,2,agree
476,1831,7,agree
477,2375,0,unrelated
478,1670,0,unrelated
479,2314,0,unrelated
480,322,0,unrelated
481,498,0,unrelated
482,1346,5,discuss
483,1446,3,discuss
484,208,0,unrelated
485,450,0,unrelated
486,853,2,unrelated
487,1738,7,discuss
488,2043,0,unrelated
489,532,0,unrelated
490,2202,8,discuss
491,2236,21,discuss
492,1187,12,discuss
493,387,1,unrelated
494,2230,1,unrelated
495,858,0,unrelated
496,1249,5,discuss
497,1921,0,unrelated
498,2079,7,discuss
499,1143,0,unrelated
500,2067,15,agree
501,456,0,unrelated
502,2002,12,discuss
503,2118,1,unrelated
504,1916,7,discuss
505,2109,0,unrelated
506,1820,0,unrelated
507,2129,19,discuss
508,93,0,unrelated
509,2134,0,unrelated
510,2020,0,unrelated
511,251,0,unrelated
512,1271,0,unrelated
513,1608,10,discuss
514,2472,0,unrelated
515,755,0,unrelated
516,78,0,unrelated
517,2360,12,agree
518,2525,0,unrelated
519,1867,15,discuss
520,483,5,discuss
521,1073,0,unrelated
522,2519,5,discuss
523,1673,0,unrelated
524,600,18,discuss
525,1485,6,discuss
526,634,0,unrelated
527,1799,5,agree
528,1268,0,unrelated
529,1863,0,unrelated
530,714,0,unrelated
531,1760,0,unrelated
532,169,1,unrelated
533,2009,0,unrelated
534,1897,0,unrelated
535,2265,2,unrelated
536,1660,0,unrelated
537,2152,1,unrelated
538,1554,23,discuss
539,578,2,unrelated
540,2372,0,unrelated
541,2251,9,discuss
542,1642,0,unrelated
543,1900,0,unrelated
544,267,2,unrelated
545,2434,0,unrelated
546,2102,0,unrelated
547,195,0,unrelated
548,903,0,unrelated
549,2068,8,unrelated
550,204,1,unrelated
551,1361,2,unrelated
552,1090,2,discuss
553,1680,4,unrelated
554,2330,0,unrelated
555,258,0,unrelated
556,2060,11,disagree
557,1549,4,unrelated
558,2272,17,discuss
559,991,21,discuss
560,542,0,unrelated
561,1099,1,discuss
562,662,0,unrelated
563,1589,21,discuss
564,1891,6,discuss
565,722,1,unrelated
566,34,0,unrelated
567,860,0,unrelated
568,804,19,agree
569,1742,11,agree
570,706,0,unrelated
571,1313,4,discuss
572,107,0,unrelated
573,999,17,discuss
574,2411,0,unrelated
575,2452,11,discuss
576,2385,0,unrelated
577,1024,0,unrelated
578,686,0,unrelated
579,966,7,agree
580,1295,2,agree
581,862,12,discuss
582,277,0,unrelated
583,2284,0,unrelated
584,1351,0,unrelated
585,117,25,discuss
586,1192,21,discuss
587,1957,8,disagree
588,1330,4,discuss
589,2070,0,unrelated
590,2351,7,agree
591,1544,10,agree
592,2317,2,discuss
593,1984,3,agree
594,951,21,discuss
595,2362,1,unrelated
596,1016,2,discuss
597,2370,7,unrelated
598,1764,2,agree
599,1926,2,disagree
600,1178,0,unrelated
601,1843,0,unrelated
602,1731,3,agree
603,1233,32,discuss
604,2387,30,discuss
605,2091,0,unrelated
606,1656,8,discuss
607,522,5,discuss
608,1225,0,unrelated
609,55,1,unrelated
610,442,0,unrelated
611,2281,0,unrelated
612,1478,10,agree
613,17,0,unrelated
614,830,0,unrelated
615,649,28,agree
616,1298,24,discuss
617,2389,5,discuss
618,1041,5,discuss
619,1889,0,discuss
620,748,1,unrelated
621,793,0,unrelated
622,1292,0,unrelated
623,2511,16,discuss
624,331,0,unrelated
625,2180,11,agree
626,1336,16,discuss
627,2481,0,unrelated
628,2124,0,unrelated
629,958,0,unrelated
630,1588,9,discuss
631,1179,0,unrelated
632,1637,0,unrelated
633,825,0,unrelated
634,909,10,discuss
635,822,3,unrelated
636,1939,22,discuss
637,2501,0,unrelated
638,1517,5,agree
639,2468,3,agree
640,269,1,unrelated
641,2386,6,discuss
642,1893,0,unrelated
643,1689,3,discuss
644,2277,0,unrelated
645,1480,10,discuss
646,1788,37,discuss
647,2042,22,disagree
648,480,0,unrelated
649,30,0,unrelated
650,2039,24,discuss
651,1797,20,disagree
652,1606,1,unrelated
653,531,0,unrelated
654,477,0,unrelated
655,244,11,agree
656,2343,7,discuss
657,2162,8,discuss
658,1393,0,unrelated
659,505,1,unrelated
660,529,0,unrelated
661,1010,4,discuss
662,1437,0,unrelated
663,1379,0,unrelated
664,1370,11,discuss
665,2328,0,unrelated
666,1263,6,unrelated
667,684,0,unrelated
668,2521,2,unrelated
669,80,0,unrelated
670,1936,0,unrelated
671,1802,1,unrelated
672,18,3,agree
673,1772,4,unrelated
674,2523,0,unrelated
675,2075,13,discuss
676,1974,1,unrelated
677,1865,6,discuss
678,161,0,unrelated
679,1311,0,unrelated
680,2266,2,unrelated
681,454,7,agree
682,559,0,unrelated
683,1198,0,unrelated
684,2187,0,unrelated
685,741,0,unrelated
686,1715,5,discuss
687,737,0,unrelated
688,1938,3,unrelated
689,1079,12,discuss
690,1885,26,discuss
691,1260,8,agree
692,704,0,unrelated
693,431,0,unrelated
694,424,0,unrelated
695,805,3,unrelated
696,2365,21,discuss
697,1746,1,unrelated
698,1308,12,discuss
699,950,0,unrelated
700,756,3,discuss
701,87,0,unrelated
702,2055,0,unrelated
703,206,0,unrelated
704,1538,2,unrelated
705,62,0,unrelated
706,1369,1,unrelated
707,650,0,unrelated
708,942,2,discuss
709,1862,2,discuss
710,1503,1,unrelated
711,1651,0,unrelated
712,1757,2,discuss
713,989,3,unrelated
714,1613,37,discuss
715,23,1,unrelated
716,2334,10,discuss
717,692,0,unrelated
718,29,4,unrelated
719,1182,3,discuss
720,1688,5,discuss
721,11,0,unrelated
722,997,0,unrelated
723,1319,0,unrelated
724,1166,48,discuss
725,2508,0,unrelated
726,1177,0,unrelated
727,2443,0,unrelated
728,1848,0,unrelated
729,1564,9,discuss
730,2159,6,discuss
731,1269,0,unrelated
732,1012,7,discuss
733,22,0,unrelated
734,1288,2,discuss
735,1873,0,unrelated
736,551,0,unrelated
737,2470,1,unrelated
738,1222,0,unrelated
739,1839,1,unrelated
740,2256,0,unrelated
741,1740,0,unrelated
742,2142,0,agree
743,1375,19,agree
744,2498,0,unrelated
745,10,0,unrelated
746,2303,0,unrelated
747,1224,0,unrelated
748,667,1,unrelated
749,1708,0,unrelated
750,377,13,unrelated
751,451,10,discuss
752,2506,1,unrelated
753,1837,0,unrelated
754,1901,0,unrelated
755,1640,3,agree
756,1539,1,unrelated
757,1735,6,disagree
758,2024,0,unrelated
759,928,3,discuss
760,1312,0,unrelated
761,359,2,unrelated
762,1752,15,agree
763,725,21,agree
764,1543,0,unrelated
765,2414,0,unrelated
766,1426,3,unrelated
767,754,1,unrelated
768,1917,0,unrelated
769,2015,11,agree
770,1252,1,unrelated
771,1022,0,unrelated
772,1317,18,discuss
773,1407,9,agree
774,572,0,unrelated
775,2052,0,disagree
776,1001,5,discuss
777,1466,0,unrelated
778,818,0,unrelated
779,691,0,unrelated
780,1294,1,unrelated
781,1422,0,unrelated
782,817,19,discuss
783,626,0,unrelated
784,2496,16,agree
785,979,0,unrelated
786,68,0,unrelated
787,1173,6,discuss
788,663,0,unrelated
789,824,14,agree
790,1970,7,agree
791,880,6,discuss
792,350,9,discuss
793,2528,1,unrelated
794,60,0,unrelated
795,1565,12,discuss
796,1954,0,unrelated
797,1240,0,unrelated
798,2329,0,unrelated
799,308,0,unrelated
800,1183,2,discuss
801,585,0,unrelated
802,2184,0,unrelated
803,1197,0,unrelated
804,1940,0,unrelated
805,683,0,unrelated
806,2278,0,unrelated
807,170,2,unrelated
808,516,2,discuss
809,1075,15,agree
810,1853,0,unrelated
811,2114,0,unrelated
812,1869,0,unrelated
813,654,2,discuss
814,1646,1,unrelated
815,800,2,unrelated
816,1384,0,unrelated
817,1036,2,unrelated
818,2379,6,unrelated
819,1976,4,disagree
820,1097,7,unrelated
821,2480,0,unrelated
822,1644,19,unrelated
823,1019,0,unrelated
824,1410,6,agree
825,2092,0,unrelated
826,2028,3,unrelated
827,1659,14,discuss
828,1331,0,unrelated
829,2123,0,unrelated
830,72,0,unrelated
831,2405,24,discuss
832,2044,0,unrelated
833,209,5,unrelated
834,1895,51,discuss
835,13,0,unrelated
836,105,2,unrelated
837,2297,9,agree
838,1205,7,discuss
839,398,1,discuss
840,1638,8,agree
841,623,12,agree
842,2458,1,unrelated
843,1707,0,unrelated
844,15,2,unrelated
845,1047,0,unrelated
846,1459,0,unrelated
847,829,0,unrelated
848,1027,14,discuss
849,1412,9,agree
850,1890,13,discuss
851,1965,15,agree
852,933,10,discuss
853,447,6,discuss
854,1042,0,unrelated
855,1925,10,agree
856,1855,3,discuss
857,1076,5,discuss
858,1858,5,disagree
859,1806,0,unrelated
860,1785,21,discuss
861,1678,1,unrelated
862,1815,0,unrelated
863,283,21,disagree
864,2529,4,agree
865,2197,1,unrelated
866,239,0,unrelated
867,1137,0,unrelated
868,2234,0,unrelated
869,299,0,unrelated
870,1239,0,unrelated
871,225,0,unrelated
872,370,15,discuss
873,324,0,unrelated
874,2515,0,agree
875,402,0,unrelated
876,2191,9,discuss
877,1978,22,agree
878,286,0,unrelated
879,1913,5,agree
880,446,13,discuss
881,968,1,unrelated
882,1645,4,discuss
883,1666,7,agree
884,938,3,discuss
885,760,0,unrelated
886,1195,0,unrelated
887,1424,46,discuss
888,1018,10,discuss
889,2261,1,unrelated
890,2218,0,unrelated
891,1467,14,agree
892,651,0,unrelated
893,1293,13,unrelated
894,742,0,unrelated
895,1364,0,unrelated
896,1866,7,discuss
897,769,1,unrelated
898,917,1,unrelated
899,5,0,unrelated
900,1167,7,discuss
901,1083,0,unrelated
902,1834,10,unrelated
903,2034,0,unrelated
904,2413,4,disagree
905,1365,3,discuss
906,1692,14,discuss
907,503,12,agree
908,591,0,unrelated
909,83,5,disagree
910,892,1,unrelated
911,2221,30,agree
912,2309,0,unrelated
913,1615,6,discuss
914,2219,3,discuss
915,428,0,unrelated
916,1751,0,unrelated
917,1498,0,unrelated
918,1679,0,unrelated
919,1880,13,agree
920,1506,0,unrelated
921,2440,1,discuss
922,1357,0,unrelated
923,385,0,unrelated
924,2364,4,discuss
925,798,8,discuss
926,2090,0,unrelated
927,397,7,agree
928,819,1,unrelated
929,2153,2,discuss
930,382,4,unrelated
931,2280,10,unrelated
932,272,12,discuss
933,99,0,unrelated
934,2264,5,discuss
935,1049,0,unrelated
936,1139,16,discuss
937,1622,0,discuss
938,2476,0,unrelated
939,1180,0,unrelated
940,1323,0,unrelated
941,130,0,unrelated
942,1333,3,disagree
943,1775,2,agree
944,752,2,unrelated
945,533,5,unrelated
946,14,11,discuss
947,1996,7,agree
948,116,0,unrelated
949,713,5,discuss
950,414,21,discuss
951,226,1,unrelated
952,405,11,unrelated
953,2171,10,agree
954,1267,24,discuss
955,1610,4,agree
956,1840,3,unrelated
957,1559,18,agree
958,305,0,unrelated
959,1442,1,unrelated
960,236,0,unrelated
961,2200,8,discuss
962,2469,2,discuss
963,388,0,unrelated
964,1094,0,unrelated
965,1822,5,discuss
966,1835,0,unrelated
967,1325,0,unrelated
968,1056,0,discuss
969,2454,10,discuss
970,1971,0,unrelated
971,330,3,unrelated
972,1185,11,discuss
973,2459,6,unrelated
974,1122,9,discuss
975,945,0,unrelated
976,1920,5,discuss
977,1433,6,agree
978,2103,9,discuss
979,126,0,unrelated
980,2072,0,unrelated
981,655,14,disagree
982,1398,0,unrelated
983,2093,1,discuss
984,1427,11,agree
985,744,1,unrelated
986,2399,17,discuss
987,1781,3,discuss
988,1465,0,unrelated
989,612,0,unrelated
990,493,0,unrelated
991,833,0,unrelated
992,168,0,unrelated
993,235,0,unrelated
994,1584,0,unrelated
995,1388,76,discuss
996,2247,0,unrelated
997,1531,16,disagree
998,2483,0,unrelated
999,0,0,unrelated
1000,1585,26,discuss
1001,2354,0,unrelated
1002,1826,0,unrelated
1003,632,9,discuss
1004,2167,0,unrelated
1005,1836,11,discuss
1006,557,0,unrelated
1007,988,1,agree
1008,1430,19,discuss
1009,2417,1,discuss
1010,1161,11,agree
1011,1071,0,unrelated
1012,2113,8,discuss
1013,569,0,unrelated
1014,1911,21,discuss
1015,88,0,unrelated
1016,1329,1,discuss
1017,1649,0,unrelated
1018,1153,29,discuss
1019,2250,8,discuss
1020,1247,4,agree
1021,643,29,unrelated
1022,1747,1,agree
1023,484,7,discuss
1024,1573,6,disagree
1025,787,15,agree
1026,2224,3,discuss
1027,1116,22,discuss
1028,648,1,unrelated
1029,1745,5,agree
1030,1761,5,discuss
1031,1669,2,discuss
1032,1184,0,agree
1033,1876,18,agree
1034,944,0,unrelated
1035,1813,0,unrelated
1036,1771,21,discuss
1037,1904,1,discuss
1038,2211,9,discuss
1039,1521,0,unrelated
1040,1989,3,discuss
1041,652,23,unrelated
1042,1069,0,unrelated
1043,1724,0,unrelated
1044,1794,7,discuss
1045,789,1,unrelated
1046,630,0,unrelated
1047,433,7,discuss
1048,1817,0,unrelated
1049,1210,0,unrelated
1050,396,0,unrelated
1051,2037,17,agree
1052,571,0,unrelated
1053,682,0,unrelated
1054,409,0,unrelated
1055,368,1,discuss
1056,2490,21,discuss
1057,203,16,discuss
1058,518,0,unrelated
1059,1807,6,unrelated
1060,2471,18,unrelated
1061,1598,1,discuss
1062,1829,0,unrelated
1063,1756,13,discuss
1064,2408,8,discuss
1065,1515,10,agree
1066,1981,2,agree
1067,2391,5,agree
1068,2242,7,agree
1069,2181,39,agree
1070,499,0,unrelated
1071,931,5,discuss
1072,1028,0,unrelated
1073,260,0,unrelated
1074,504,0,unrelated
1075,616,9,discuss
1076,1630,3,discuss
1077,188,2,agree
1078,677,0,unrelated
1079,564,8,discuss
1080,1841,7,agree
1081,1567,0,unrelated
1082,1791,0,agree
1083,1413,0,unrelated
1084,1530,0,unrelated
1085,2502,13,agree
1086,2371,1,unrelated
1087,77,0,unrelated
1088,794,9,disagree
1089,840,24,discuss
1090,2125,9,disagree
1091,438,1,unrelated
1092,497,16,agree
1093,342,0,unrelated
1094,2062,0,discuss
1095,104,0,unrelated
1096,425,0,unrelated
1097,2058,0,unrelated
1098,2088,0,unrelated
1099,1258,46,agree
1100,2172,1,discuss
1101,2276,20,discuss
1102,2514,6,discuss
1103,2431,0,unrelated
1104,2144,3,discuss
1105,281,0,unrelated
1106,1473,8,disagree
1107,1721,3,discuss
1108,217,0,unrelated
1109,2322,31,discuss
1110,526,0,unrelated
1111,1141,12,discuss
1112,1342,0,unrelated
1113,592,0,unrelated
1114,224,15,agree
1115,2274,2,disagree
1116,1077,0,unrelated
1117,2445,16,agree
1118,947,6,discuss
1119,45,0,unrelated
1120,1000,0,unrelated
1121,508,0,unrelated
1122,781,36,agree
1123,955,0,unrelated
1124,2447,29,agree
1125,2155,3,discuss
1126,1774,25,discuss
1127,240,0,unrelated
1128,1206,9,agree
1129,2283,3,unrelated
1130,1686,0,unrelated
1131,1383,0,unrelated
1132,657,12,discuss
1133,2080,8,discuss
1134,1176,0,unrelated
1135,599,8,discuss
1136,740,3,agree
1137,1931,0,unrelated
1138,2348,0,unrelated
1139,732,5,agree
1140,44,7,agree
1141,263,0,unrelated
1142,347,0,unrelated
1143,1619,2,discuss
1144,1611,7,discuss
1145,48,17,agree
1146,2017,12,discuss
1147,719,0,unrelated
1148,91,3,agree
1149,1291,0,unrelated
1150,658,0,unrelated
1151,2263,6,agree
1152,234,1,unrelated
1153,2148,6,discuss
1154,2201,23,discuss
1155,795,10,disagree
1156,601,2,unrelated
1157,891,0,unrelated
1158,842,3,discuss
1159,413,0,unrelated
1160,2409,10,discuss
1161,782,11,agree
1162,1507,19,discuss
1163,242,0,unrelated
1164,845,0,unrelated
1165,2438,17,discuss
1166,2349,33,unrelated
1167,2485,24,discuss
1168,2241,1,discuss
1169,404,0,unrelated
1170,2420,2,unrelated
1171,1709,3,unrelated
1172,1245,3,disagree
1173,1136,8,discuss
1174,2053,5,agree
1175,2376,62,discuss
1176,1006,5,unrelated
1177,2208,0,unrelated
1178,444,0,unrelated
1179,920,7,discuss
1180,1087,0,unrelated
1181,1819,6,agree
1182,1562,3,unrelated
1183,1595,23,discuss
1184,2069,5,discuss
1185,478,0,unrelated
1186,1340,2,discuss
1187,1095,7,agree
1188,1979,0,unrelated
1189,2419,0,unrelated
1190,2018,2,discuss
1191,120,1,discuss
1192,1352,14,discuss
1193,1560,0,unrelated
1194,1474,1,agree
1195,2369,11,agree
1196,2473,0,unrelated
1197,1219,4,agree
1198,628,10,discuss
1199,1828,27,discuss
1200,70,15,agree
1201,545,0,unrelated
1202,1487,17,discuss
1203,886,0,unrelated
1204,2474,20,discuss
1205,1140,3,agree
1206,2185,1,unrelated
1207,2478,5,agree
1208,1277,0,unrelated
1209,51,0,unrelated
1210,2166,3,agree
1211,2432,0,unrelated
1212,939,7,discuss
1213,1254,8,discuss
1214,674,6,agree
1215,607,2,unrelated
1216,162,1,discuss
1217,2397,3,discuss
1218,1918,5,discuss
1219,708,16,discuss
1220,586,0,unrelated
1221,1955,4,discuss
1222,1722,4,discuss
1223,1492,10,agree
1224,1535,0,unrelated
1225,727,11,unrelated
1226,509,20,discuss
1227,1488,6,discuss
1228,1307,6,discuss
1229,500,0,unrelated
1230,846,0,unrelated
1231,1524,0,unrelated
1232,2212,10,agree
1233,399,0,unrelated
1234,1852,1,unrelated
1235,241,1,unrelated
1236,1130,0,unrelated
1237,812,0,unrelated
1238,2332,11,agree
1239,1164,0,unrelated
1240,1922,9,discuss
1241,2196,0,unrelated
1242,919,0,unrelated
1243,1127,0,unrelated
1244,41,30,discuss
1245,640,0,unrelated
1246,199,6,discuss
1247,1800,48,discuss
1248,2238,18,discuss
1249,538,1,discuss
1250,2203,6,discuss
1251,721,3,discuss
1252,1305,15,discuss
1253,288,11,discuss
1254,189,13,discuss
1255,767,0,discuss
1256,2122,10,agree
1257,1496,9,agree
1258,2340,14,discuss
1259,221,0,unrelated
1260,2186,0,unrelated
1261,1273,0,unrelated
1262,1975,0,unrelated
1263,2401,5,discuss
1264,2321,38,discuss
1265,1625,0,unrelated
1266,495,6,discuss
1267,155,0,unrelated
1268,187,7,agree
1269,333,0,unrelated
1270,1556,19,discuss
1271,1149,7,discuss
1272,1170,0,unrelated
1273,337,4,discuss
1274,1972,2,discuss
1275,227,0,unrelated
1276,1483,3,unrelated
1277,1671,3,discuss
1278,2418,12,discuss
1279,871,31,discuss
1280,1121,9,discuss
1281,1582,0,unrelated
1282,1334,1,agree
1283,4,4,discuss
1284,2451,1,agree
1285,636,24,agree
1286,595,0,unrelated
1287,2271,24,discuss
1288,391,0,unrelated
1289,1769,11,discuss
1290,1171,4,agree
1291,1519,0,unrelated
1292,1035,19,agree
1293,1436,1,unrelated
1294,53,7,discuss
1295,1343,1,unrelated
1296,82,0,unrelated
1297,2104,5,agree
1298,1623,15,discuss
1299,638,2,discuss
1300,902,7,agree
1301,921,10,discuss
1302,118,3,agree
1303,2165,8,agree
1304,899,12,agree
1305,726,1,unrelated
1306,582,10,discuss
1307,1415,18,unrelated
1308,885,0,unrelated
1309,2286,0,unrelated
1310,848,9,discuss
1311,1306,11,discuss
1312,2014,1,disagree
1313,1647,0,unrelated
1314,1318,3,agree
1315,1634,0,unrelated
1316,470,0,unrelated
1317,1725,6,agree
1318,16,9,agree
1319,512,16,discuss
1320,2214,10,discuss
1321,852,4,agree
1322,709,0,unrelated
1323,423,3,discuss
1324,581,2,agree
1325,75,0,unrelated
1326,565,2,agree
1327,2031,7,agree
1328,1026,0,unrelated
1329,1119,0,unrelated
1330,1991,9,disagree
1331,1690,1,discuss
1332,546,4,discuss
1333,1847,7,agree
1334,552,8,agree
1335,149,6,discuss
1336,1551,2,agree
1337,2433,2,discuss
1338,1074,0,unrelated
1339,1672,36,discuss
1340,562,0,unrelated
1341,1144,8,discuss
1342,2345,17,agree
1343,1457,0,unrelated
1344,834,14,agree
1345,1529,10,discuss
1346,978,34,discuss
1347,1434,7,discuss
1348,1109,8,agree
1349,763,19,discuss
1350,1274,10,discuss
1351,455,15,discuss
1352,1064,4,agree
1353,1302,20,discuss
1354,1341,19,discuss
1355,851,0,unrelated
1356,1491,12,agree
1357,2227,0,unrelated
1358,729,12,agree
1359,357,8,discuss
1360,738,7,agree
1361,2135,3,agree
1362,114,16,agree
1363,1698,1,agree
1364,2347,5,agree
1365,1068,4,discuss
1366,1929,13,agree
1367,27,0,unrelated
1368,1382,8,discuss
1369,1730,0,unrelated
1370,1804,0,unrelated
1371,1007,1,discuss
1372,815,29,discuss
1373,672,2,agree
1374,1416,0,unrelated
1375,872,8,discuss
1376,2010,12,discuss
1377,696,0,unrelated
1378,386,8,discuss
1379,1017,0,unrelated
1380,1657,2,discuss
1381,273,7,discuss
1382,653,8,agree
1383,89,0,unrelated
1384,179,11,agree
1385,1956,25,discuss
1386,1579,9,discuss
1387,1952,14,discuss
1388,134,7,agree
1389,1397,25,discuss
1390,996,4,agree
1391,981,3,discuss
1392,6,20,discuss
1393,832,5,unrelated
1394,1472,8,discuss
1395,1453,2,agree
1396,502,36,agree
1397,554,0,unrelated
1398,1021,1,unrelated
1399,300,44,discuss
1400,688,8,discuss
1401,1376,12,discuss
1402,1429,0,unrelated
1403,1106,4,discuss
1404,212,8,discuss
1405,86,2,unrelated
1406,1159,1,discuss
1407,1371,9,agree
1408,1462,9,discuss
1409,147,0,unrelated
1410,1997,8,discuss
1411,2456,1,agree
1412,2145,13,agree
1413,1227,10,agree
1414,1168,2,discuss
1415,850,3,discuss
1416,2228,4,agree
1417,1063,11,discuss
1418,2005,3,agree
1419,376,35,discuss
1420,1215,5,disagree
1421,906,0,unrelated
1422,2504,19,agree
1423,482,15,discuss
1424,1522,11,discuss
1425,883,6,discuss
1426,839,6,agree
1427,567,11,discuss
1428,1909,0,unrelated
1429,1983,11,discuss
1430,1447,20,discuss
1431,716,19,agree
1432,1262,4,discuss
1433,1226,9,disagree
1434,292,11,discuss
1435,2035,0,unrelated
1436,1563,5,disagree
1437,1599,3,discuss
1438,2137,45,agree
1439,1523,11,agree
1440,427,5,agree
1441,544,9,agree
1442,406,24,discuss
1443,2048,2,discuss
1444,1344,17,discuss
1445,84,4,discuss
1446,379,2,discuss
1447,390,4,discuss
1448,1214,6,agree
1449,1025,36,discuss
1450,1356,10,discuss
1451,537,6,discuss
1452,374,16,agree
1453,1711,6,discuss
1454,1280,63,discuss
1455,481,11,discuss
1456,1123,9,disagree
1457,1683,1,disagree
1458,2051,2,agree
1459,466,20,agree
1460,2479,7,discuss
1461,718,0,unrelated
1462,1577,0,unrelated
1463,1174,18,agree
1464,843,0,unrelated
1465,1570,2,unrelated
1466,2143,6,agree
1467,790,86,discuss
1468,2318,21,discuss
1469,198,13,agree
1470,339,0,unrelated
1471,218,0,unrelated
1472,1859,8,agree
1473,1884,0,agree
1474,1154,4,discuss
1475,1320,5,discuss
1476,1501,1,discuss
1477,743,12,agree
1478,440,1,discuss
1479,109,25,discuss
1480,603,6,agree
1481,796,20,unrelated
1482,1973,4,agree
1483,780,8,discuss
1484,660,0,unrelated
1485,1969,5,discuss
1486,1405,14,discuss
1487,2267,1,agree
1488,1231,5,agree
1489,873,11,discuss
1490,1359,0,unrelated
1491,2111,9,discuss
1492,193,16,discuss
1493,1881,16,discuss
1494,506,10,agree
1495,1420,20,discuss
1496,956,5,discuss
1497,583,15,discuss
1498,2098,10,disagree
1499,1833,2,discuss
1500,1156,1,agree
1501,1057,4,discuss
1502,1404,4,agree
1503,1055,6,agree
1504,1743,10,agree
1505,1784,0,discuss
1506,2325,8,discuss
1507,2077,12,discuss
1508,1555,17,agree
1509,1967,26,discuss
1510,2170,10,agree
1511,348,4,agree
1512,395,12,agree
1513,604,9,agree
1514,95,5,agree
1515,974,29,disagree
1516,142,2,discuss
1517,2255,4,discuss
1518,1281,0,unrelated
1519,2207,12,discuss
1520,443,4,discuss
1521,475,28,discuss
1522,468,6,agree
1523,375,22,discuss
1524,620,7,discuss
1525,924,0,unrelated
1526,1652,6,agree
1527,1134,3,agree
1528,2311,11,discuss
1529,1654,5,discuss
1530,510,42,discuss
1531,888,5,agree
1532,148,4,agree
1533,1098,21,discuss
1534,2532,7,agree
1535,1152,1,unrelated
1536,364,4,agree
1537,63,5,discuss
1538,1728,10,agree
1539,1513,37,discuss
1540,140,6,discuss
1541,587,21,agree
1542,349,9,discuss
1543,432,6,agree
1544,1145,3,discuss
1545,474,6,agree
1546,462,2,discuss
1547,779,8,agree
1548,2164,14,agree
1549,210,16,agree
1550,1796,4,agree
1551,276,3,agree
1552,2446,8,discuss
1553,247,15,agree
1554,1190,27,agree
1555,701,6,discuss
1556,266,3,discuss
1557,417,1,agree
1558,2444,9,agree
1559,515,14,agree
1560,1908,2,discuss
1561,1070,24,agree
1562,303,3,unrelated
1563,1060,0,discuss
1564,611,3,discuss
1565,152,3,agree
1566,1533,4,discuss
1567,1614,12,agree
1568,541,2,discuss
1569,1518,8,agree
1570,1162,0,agree
1571,1827,5,discuss
1572,1327,11,discuss
1573,460,10,agree
1574,977,40,discuss
1575,1208,8,agree
1576,957,12,agree
1577,1201,11,discuss
1578,555,8,disagree
1579,25,1,agree
1580,589,21,discuss
1581,461,5,discuss
1582,2217,16,agree
1583,1335,27,agree
1584,948,11,agree
1585,1051,6,agree
1586,952,19,discuss
1587,1053,10,agree
1588,1417,6,discuss
1589,547,0,agree
1590,230,10,discuss
1591,827,11,agree
1592,124,8,agree
1593,1733,5,agree
1594,1046,34,agree
1595,1508,32,agree
1596,1425,25,discuss
1597,1777,22,disagree
1598,622,15,discuss
1599,2442,0,unrelated
1600,156,16,agree
1601,1732,25,discuss
1602,418,26,discuss
1603,2275,76,discuss
1604,598,8,agree
1605,523,2,discuss
1606,1700,40,discuss
1607,1392,6,disagree
1608,1532,6,agree
1609,384,8,discuss
1610,24,19,agree
1611,1132,13,discuss
1612,2178,49,disagree
1613,65,25,agree
1614,807,13,agree
1615,371,11,discuss
1616,1101,18,discuss
1617,255,0,unrelated
1618,610,21,disagree
1619,1463,19,discuss
1620,593,19,discuss
1621,1750,18,discuss
1622,536,11,discuss
1623,494,11,agree
1624,383,26,agree
1625,1065,24,discuss
1626,229,43,discuss
1627,869,4,discuss
1628,1667,5,discuss
1629,669,4,discuss
1630,445,6,disagree
1631,588,16,agree
1632,194,4,discuss
1633,1455,24,discuss
1634,560,16,disagree
1635,624,0,agree
1636,59,7,discuss
1637,110,80,discuss
1638,2013,2,discuss
1639,1542,26,discuss
1640,372,14,discuss
1641,772,6,discuss
1642,136,11,agree
1643,112,15,discuss
1644,151,6,agree
1645,282,37,agree
1646,323,27,agree
1647,1377,8,discuss
1648,410,7,agree
1649,228,15,agree
1650,982,6,agree
1651,577,24,discuss
1652,232,26,discuss
1653,1129,16,discuss
1654,200,24,discuss
1655,476,11,agree
1656,2032,11,discuss
1657,243,22,discuss
1658,285,1,agree
1659,877,46,discuss
1660,76,18,discuss
1661,307,23,discuss
1662,9,10,agree
1663,355,21,agree
1664,302,16,discuss
1665,1085,9,agree
1666,219,6,discuss
1667,352,8,discuss
1668,159,5,discuss
1669,907,1,agree
1670,828,11,agree
1671,146,19,agree
1672,854,25,discuss
1673,797,15,agree
1674,74,11,discuss
1675,135,6,agree
1676,175,3,discuss
1677,553,25,agree
1678,464,10,agree
1679,362,26,agree
1680,915,14,agree
1681,407,34,discuss
1682,1066,27,discuss
